nivel;categoria;bandera;variante;texto_actual;texto_corregido
"(auxiliar)";"(sin nombrar)";"(varios)";1;"y después te llevas la torre de d5";""
"(auxiliar)";"(sin nombrar)";"(varios)";2;"un ataque a la descubierta";""
"(auxiliar)";"(sin nombrar)";"(varios)";3;"una doble amenaza";""
"(auxiliar)";"(sin nombrar)";"(varios)";4;"una doble amenaza con jaque";""
"(auxiliar)";"(sin nombrar)";"(varios)";5;"podías capturar ${art(m.piece)} de ${m.square}, que estaba sin defensa";""
"(auxiliar)";"(sin nombrar)";"(varios)";6;"había una pieza sin defensa";""
"(auxiliar)";"Jaque mate ejecutado";"isMate";7;"Amenazas mate en ${square}: el rival no lo puede parar.";""
"(auxiliar)";"Jaque mate ejecutado";"isMate";8;"Ojo: el rival tiene mate en ${square} y hay que impedirlo ya.";""
"(auxiliar)";"Jaque mate ejecutado";"isMate";9;"Ojo: el rival tiene mate forzado${dist} y te queda sólo el rey. No hay defensa: aprende la posición para no repetirla.";""
"(auxiliar)";"Jaque mate ejecutado";"isMate";10;"Ojo: el rival tiene mate forzado${dist}. Ahora sólo sirve dar jaque, tapar o cambiar damas.";""
"(auxiliar)";"Jaque mate ejecutado";"isMate";11;"Ojo: el rival tiene mate forzado. Está lejos, así que resiste: complica y busca cambios.";""
"(auxiliar)";"Jaque mate ejecutado";"isMate";12;"Al rival le queda sólo el rey: esto es mate de técnica, no de cálculo. Acórralo hacia el borde con tu rey y remata.";""
"(auxiliar)";"Jaque mate ejecutado";"isMate";13;"Rey solo contra tus piezas. Empuja su rey a una banda, acerca el tuyo y da el mate; no hay prisa ni riesgo.";""
"(auxiliar)";"Jaque mate ejecutado";"isMate";14;"Mate forzado contra el rey pelado. Ve reduciéndole casillas con jaques y con tu rey: cae solo.";""
"(auxiliar)";"Jaque mate ejecutado";"isMate";15;"Tienes mate forzado${dist}. Remátalo, es lo más rápido que hay.";""
"(auxiliar)";"Jaque mate ejecutado";"isMate";16;"Mate forzado${dist} a tu favor. Ve al mate antes que a cualquier captura.";""
"(auxiliar)";"Jaque mate ejecutado";"isMate";17;"Tienes mate forzado, aunque queda lejos: no hace falta que lo calcules. Juega sencillo y conserva tu ventaja.";""
"(auxiliar)";"Jaque mate ejecutado";"isMate";18;"Hay mate forzado a tu favor, pero es largo. Ve a lo seguro; el mate llega solo.";""
"(auxiliar)";"Jaque mate ejecutado";"isMate";19;"La posición está ganada por mate forzado, y todavía lejos. Sin prisa: no regales nada y seguirá ahí.";""
"Tus jugadas — descriptivo";"Táctica ejecutada (doble, clavada, enfilada, descubierta)";"tactic";20;"haces un doble: ${p} en ${f.playedTo} ataca dos piezas a la vez, y solo puedes salvar una";""
"Tus jugadas — descriptivo";"Táctica ejecutada (doble, clavada, enfilada, descubierta)";"tactic";21;"clavas una pieza: ${p} en ${f.playedTo} la deja inmóvil, porque detrás está el rey rival";""
"Tus jugadas — descriptivo";"Táctica ejecutada (doble, clavada, enfilada, descubierta)";"tactic";22;"haces una enfilada: ${p} en ${f.playedTo} ataca dos piezas en la misma línea, y al mover la de delante cae la de atrás";""
"Tus jugadas — descriptivo";"Táctica ejecutada (doble, clavada, enfilada, descubierta)";"tactic";23;"das jaque a la descubierta: al mover ${p}, el jaque lo da la pieza que estaba detrás";""
"Tus jugadas — descriptivo";"Jugada de libro (apertura)";"book";24;" Vienes de la ${f.openingName}.";""
"Tus jugadas — descriptivo";"Jugada de libro (apertura)";"book";25;"Última jugada de teoría.${named} A partir de aquí decides tú.";""
"Tus jugadas — descriptivo";"Jugada de libro (apertura)";"book";26;"Aquí se acaba el libro.${named} Lo que siga ya es tu propio plan.";""
"Tus jugadas — descriptivo";"Jugada de libro (apertura)";"book";27;"Jugada de libro: enrocas y pones el rey a salvo.";""
"Tus jugadas — descriptivo";"Jugada de libro (apertura)";"book";28;"Jugada de libro: sacas ${art(f.playedPiece)} a ${f.playedTo}, desarrollo normal de la apertura.";""
"Tus jugadas — descriptivo";"Jugada de libro (apertura)";"book";29;"Teoría: ${art(f.playedPiece)} va a ${f.playedTo} para entrar en juego.";""
"Tus jugadas — descriptivo";"Jugada de libro (apertura)";"book";30;"Desarrollo de libro. ${cap(art(f.playedPiece))} a ${f.playedTo} es la jugada principal aquí.";""
"Tus jugadas — descriptivo";"Jugada de libro (apertura)";"book";31;"Sigues la teoría: ${art(f.playedPiece)} a ${f.playedTo}.";""
"Tus jugadas — descriptivo";"Jugada de libro (apertura)";"book";32;"Jugada de libro: disputas el centro con ${art(f.playedPiece)} en ${f.playedTo}.";""
"Tus jugadas — descriptivo";"Jugada de libro (apertura)";"book";33;"Teoría. ${cap(art(f.playedPiece))} a ${f.playedTo} reclama su parte del centro.";""
"Tus jugadas — descriptivo";"Jugada de libro (apertura)";"book";34;"De libro: plantas ${art(f.playedPiece)} en ${f.playedTo}, en plena disputa del centro.";""
"Tus jugadas — descriptivo";"Jugada de libro (apertura)";"book";35;"Jugada de libro: ${art(f.playedPiece)} a ${f.playedTo} sigue la teoría.";""
"Tus jugadas — descriptivo";"Jugada de libro (apertura)";"book";36;"Teoría de la apertura, ${art(f.playedPiece)} a ${f.playedTo}.";""
"Tus jugadas — descriptivo";"Coronación";"promotion";37;"Coronas en ${f.playedTo} y quedas ${c.standing}.";""
"Tus jugadas — descriptivo";"Enroque";"castle";38;"Enrocas y pones el rey a salvo.";""
"Tus jugadas — descriptivo";"Enroque";"castle";39;"Enrocas: el rey queda protegido y la torre entra en juego.";""
"Tus jugadas — descriptivo";"Captura (recaptura / gana / cambio parejo)";"capture";40;"Recuperas ${cp} en ${f.playedTo}: el cambio queda saldado.";""
"Tus jugadas — descriptivo";"Captura (recaptura / gana / cambio parejo)";"capture";41;"Retomas en ${f.playedTo} y el material vuelve a estar igual.";""
"Tus jugadas — descriptivo";"Captura (recaptura / gana / cambio parejo)";"capture";42;"Capturas ${cp} en ${f.playedTo} y ganas material.";""
"Tus jugadas — descriptivo";"Captura (recaptura / gana / cambio parejo)";"capture";43;"Te llevas ${cp} de ${f.playedTo} sin compensación para el rival.";""
"Tus jugadas — descriptivo";"Captura (recaptura / gana / cambio parejo)";"capture";44;"${cap(cp)} de ${f.playedTo} cae gratis: el rival no lo recupera.";""
"Tus jugadas — descriptivo";"Captura (recaptura / gana / cambio parejo)";"capture";45;"Ganas material en ${f.playedTo}: la captura sale a tu favor.";""
"Tus jugadas — descriptivo";"Captura (recaptura / gana / cambio parejo)";"capture";46;"Cambias ${cp} en ${f.playedTo}: un cambio parejo.";""
"Tus jugadas — descriptivo";"Captura (recaptura / gana / cambio parejo)";"capture";47;"Cambio parejo en ${f.playedTo}.";""
"Tus jugadas — descriptivo";"Captura (recaptura / gana / cambio parejo)";"capture";48;"Te llevas ${cp} y el rival recupera: quedan iguales.";""
"Tus jugadas — descriptivo";"Captura (recaptura / gana / cambio parejo)";"capture";49;"Cambio de piezas en ${f.playedTo}, sin ventaja para ninguno.";""
"Tus jugadas — descriptivo";"Captura (recaptura / gana / cambio parejo)";"capture";50;"Te llevas ${cp} y quedas ${c.standing}.";""
"Tus jugadas — descriptivo";"Jaque";"check";51;"Das jaque con ${art(f.playedPiece)} y quedas ${c.standing}.";""
"Tus jugadas — descriptivo";"Los cambios pendientes te dejan material de más";"dustGain";52;"Los cambios que vienen te dejan material de más.";""
"Tus jugadas — descriptivo";"Los cambios pendientes te dejan material de más";"dustGain";53;"Cuando se resuelvan las capturas, sales ganando material.";""
"Tus jugadas — descriptivo";"Amenaza propia creada (null-move)";"ownThreat";54;"Amenazas mate en ${ot.square}: el rival está obligado a defenderse.";""
"Tus jugadas — descriptivo";"Amenaza propia creada (null-move)";"ownThreat";55;"Ahora amenazas ${art(ot.piece)} de ${ot.square}.";""
"Tus jugadas — descriptivo";"Amenaza propia creada (null-move)";"ownThreat";56;"La jugada arma una amenaza: ${art(ot.piece)} de ${ot.square} está en el aire.";""
"Tus jugadas — descriptivo";"Amenaza propia creada (null-move)";"ownThreat";57;"Con esto pones ${art(ot.piece)} de ${ot.square} en el punto de mira.";""
"Tus jugadas — descriptivo";"Pieza rival suelta que tu jugada ataca";"looseEnemy";58;"${cap(art(loose.piece))} de ${loose.square} se queda sin defensa: puedes llevártela.";""
"Tus jugadas — descriptivo";"Pieza rival suelta que tu jugada ataca";"looseEnemy";59;"Ojo a ${art(loose.piece)} de ${loose.square}: nadie la defiende.";""
"Tus jugadas — descriptivo";"defendsAttacked";"defendsAttacked";60;"Defiendes ${art(d.piece)} de ${d.square}, que estaba atacado.";""
"Tus jugadas — descriptivo";"defendsAttacked";"defendsAttacked";61;"Cubres ${art(d.piece)} de ${d.square} justo a tiempo.";""
"Tus jugadas — descriptivo";"Regla del cuadrado (final de peones)";"squareRule";62;"El rey rival ya no entra en el cuadrado: el peón de ${sr.pawnSquare} corona solo.";""
"Tus jugadas — descriptivo";"Regla del cuadrado (final de peones)";"squareRule";63;"Cuenta el cuadrado: el peón de ${sr.pawnSquare} llega antes que el rey rival.";""
"Tus jugadas — descriptivo";"Regla del cuadrado (final de peones)";"squareRule";64;"El rey rival está dentro del cuadrado y detiene el peón de ${sr.pawnSquare}: hace falta acercar tu rey.";""
"Tus jugadas — descriptivo";"Regla del cuadrado (final de peones)";"squareRule";65;"Así el peón de ${sr.pawnSquare} no corona solo; el rey rival llega. Tienes que apoyarlo con el tuyo.";""
"Tus jugadas — descriptivo";"Peón pasado avanzando";"pawnRunsToPromote";66;"El peón pasado avanza a ${f.playedTo}: cada casilla lo acerca a coronar.";""
"Tus jugadas — descriptivo";"Peón pasado avanzando";"pawnRunsToPromote";67;"Empujas el peón pasado hasta ${f.playedTo}. El rival tendrá que gastar una pieza en frenarlo.";""
"Tus jugadas — descriptivo";"Oposición de reyes";"opposition";68;"Tomas la oposición: el rey rival tiene que ceder terreno.";""
"Tus jugadas — descriptivo";"Rey activo en el final";"kingActivates";69;"En el final el rey es una pieza más, y lo llevas al centro.";""
"Tus jugadas — descriptivo";"Rey activo en el final";"kingActivates";70;"Activas el rey hacia ${f.playedTo}: en el final es donde más pesa.";""
"Tus jugadas — descriptivo";"Torre detrás del peón pasado";"rookBehindPassed";71;"Torre detrás del peón pasado, que es su sitio: lo empuja según avanza.";""
"Tus jugadas — descriptivo";"Torres conectadas";"connectsRooks";72;"Conectas las torres: ya se defienden entre ellas.";""
"Tus jugadas — descriptivo";"Dos peones pasados conectados";"connectedPassedPair";73;"Tienes dos peones pasados conectados (${f.connectedPassed!.slice(0, 2).join("" y "")}): avanzan apoyándose y son muy difíciles de parar.";""
"Tus jugadas — descriptivo";"Dos peones pasados conectados";"connectedPassedPair";74;"Peones pasados conectados en ${f.connectedPassed!.slice(0, 2).join("" y "")}. Empújalos juntos: se defienden solos.";""
"Tus jugadas — descriptivo";"Peón pasado con compañero al lado";"connectedPassedOne";75;"Tu peón pasado de ${f.connectedPassed[0]} tiene un compañero al lado que lo apoya: eso es lo que lo hace peligroso.";""
"Tus jugadas — descriptivo";"Peón pasado con compañero al lado";"connectedPassedOne";76;"El pasado de ${f.connectedPassed[0]} va acompañado. Avanza con los dos, no solo con uno.";""
"Tus jugadas — descriptivo";"Mayoría de peones en un flanco";"majority";77;"Tienes mayoría de peones en el flanco de ${f.majority}: ahí está tu peón pasado, empuja por ese lado.";""
"Tus jugadas — descriptivo";"Mayoría de peones en un flanco";"majority";78;"Mayoría en el flanco de ${f.majority}. El plan es crear un pasado con ella.";""
"Tus jugadas — descriptivo";"Tipo de final (torres, alfiles del mismo color…)";"endgameKind";79;"Estamos en un ${f.endgameKind}. ${cap(art(f.playedPiece))} a ${f.playedTo}.";""
"Tus jugadas — descriptivo";"Tipo de final (torres, alfiles del mismo color…)";"endgameKind";80;"${cap(art(f.playedPiece))} a ${f.playedTo}, en un ${f.endgameKind}.";""
"Tus jugadas — descriptivo";"Peón retrasado";"backwardPawn";81;"El peón de ${f.backwardPawn} está retrasado: no puede avanzar ni recibir apoyo, y en el final eso pesa.";""
"Tus jugadas — descriptivo";"Más islas de peones que el rival";"islands";82;"Tienes ${f.islands.mine} islas de peones contra ${f.islands.theirs}: tu estructura está más partida y es más difícil de defender.";""
"Tus jugadas — descriptivo";"Ataca una pieza mayor (gana tiempo)";"attacksBigger";83;"${cap(art(f.playedPiece))} a ${f.playedTo} ataca ${art(f.attacksBigger)}: el rival tiene que responder.";""
"Tus jugadas — descriptivo";"Ataca una pieza mayor (gana tiempo)";"attacksBigger";84;"Ganas un tiempo: desde ${f.playedTo} amenazas ${art(f.attacksBigger)}.";""
"Tus jugadas — descriptivo";"Ruptura de peones";"pawnBreak";85;"Ruptura de peones: el peón de ${f.playedTo} golpea la cadena rival.";""
"Tus jugadas — descriptivo";"Ruptura de peones";"pawnBreak";86;"Atacas la estructura del rival con el peón a ${f.playedTo}.";""
"Tus jugadas — descriptivo";"Puesto avanzado";"outpost";87;"${cap(art(f.playedPiece))} se instala en ${f.playedTo}: apoyado por tu peón y sin peones rivales que lo echen.";""
"Tus jugadas — descriptivo";"Puesto avanzado";"outpost";88;"Puesto avanzado en ${f.playedTo}. Ningún peón rival puede desalojar ${art(f.playedPiece)} de ahí.";""
"Tus jugadas — descriptivo";"Caballo centralizado";"knightToCenter";89;"Centralizas el caballo en ${f.playedTo}, desde donde controla más casillas.";""
"Tus jugadas — descriptivo";"Caballo centralizado";"knightToCenter";90;"El caballo en ${f.playedTo} está en su mejor sitio: el centro.";""
"Tus jugadas — descriptivo";"Da aire al rey";"givesKingLuft";91;"Le das aire a tu rey: ahora tiene casilla de escape.";""
"Tus jugadas — descriptivo";"Da aire al rey";"givesKingLuft";92;"Mueves el rey a ${f.playedTo} y evitas sustos en la última fila.";""
"Tus jugadas — descriptivo";"Repliegue de pieza";"retreats";93;"Repliegas ${art(f.playedPiece)} a ${f.playedTo} para reagrupar.";""
"Tus jugadas — descriptivo";"Repliegue de pieza";"retreats";94;"${cap(art(f.playedPiece))} vuelve a ${f.playedTo} y espera mejor momento.";""
"Tus jugadas — descriptivo";"Torre a la séptima";"rookToSeventh";95;"Metes la torre en la séptima: desde ${f.playedTo} muerde los peones y encierra al rey.";""
"Tus jugadas — descriptivo";"Torre a la séptima";"rookToSeventh";96;"Torre a la séptima. Es la fila donde más daño hace.";""
"Tus jugadas — descriptivo";"Torres dobladas";"doublesRooks";97;"Doblas las torres en la columna ${f.playedTo[0]}: juntas pesan mucho más.";""
"Tus jugadas — descriptivo";"Torre a columna abierta";"rookToOpenFile";98;"Colocas la torre en la columna ${f.playedTo[0]}, que está abierta.";""
"Tus jugadas — descriptivo";"Torre a columna abierta";"rookToOpenFile";99;"La torre toma la columna abierta ${f.playedTo[0]}.";""
"Tus jugadas — descriptivo";"Torre a columna semiabierta";"rookToSemiOpen";100;"La torre toma la columna ${f.playedTo[0]}, semiabierta: presiona el peón rival.";""
"Tus jugadas — descriptivo";"Torre a columna semiabierta";"rookToSemiOpen";101;"Torre a la columna ${f.playedTo[0]}, donde no tienes peones que te estorben.";""
"Tus jugadas — descriptivo";"Fianchetto";"fianchetto";102;"Fianchetto: el alfil a ${f.playedTo} apunta a la diagonal larga.";""
"Tus jugadas — descriptivo";"Dama fuera demasiado pronto";"queenOutEarly";103;"Sacas la dama pronto: cuidado, el rival puede ganar tiempos atacándola.";""
"Tus jugadas — descriptivo";"Mueve la misma pieza dos veces";"movesPieceTwice";104;"Vuelves a mover ${art(f.playedPiece)} en vez de sacar una pieza nueva.";""
"Tus jugadas — descriptivo";"Mueve la misma pieza dos veces";"movesPieceTwice";105;"${cap(art(f.playedPiece))} se mueve otra vez; quedan piezas por desarrollar.";""
"Tus jugadas — descriptivo";"Desarrolla una pieza";"developsPiece";106;"${cap(art(f.playedPiece))} entra en juego desde ${f.playedTo}.";""
"Tus jugadas — descriptivo";"Desarrolla una pieza";"developsPiece";107;"Pones ${art(f.playedPiece)} en ${f.playedTo}, fuera de su casilla inicial.";""
"Tus jugadas — descriptivo";"Desarrolla una pieza";"developsPiece";108;"Sumas ${art(f.playedPiece)} al juego: sale a ${f.playedTo}.";""
"Tus jugadas — descriptivo";"Ocupa el centro";"toCenter";109;"Ocupas el centro con ${art(f.playedPiece)} en ${f.playedTo}.";""
"Tus jugadas — descriptivo";"Creas un peón pasado";"createdPassed";110;"Creas un peón pasado en ${f.structure.createdPassed}: nada lo frena camino a coronar.";""
"Tus jugadas — descriptivo";"Creas un peón pasado";"createdPassed";111;"El peón de ${f.structure.createdPassed} queda pasado, y eso pesa en el final.";""
"Tus jugadas — descriptivo";"Le dejas peones doblados";"brokeTheirStructure";112;"Le dejas peones doblados en la columna ${f.structure.brokeTheirStructure}: un defecto permanente.";""
"Tus jugadas — descriptivo";"Aíslas un peón rival";"isolatedTheirs";113;"Aíslas el peón rival de ${f.structure.isolatedTheirs}: ya no tiene quién lo defienda.";""
"Tus jugadas — descriptivo";"Te quedan peones doblados (coste propio)";"gaveSelfDoubled";114;"Te quedan peones doblados en la columna ${f.structure.gaveSelfDoubled}: es un defecto permanente, pesa sobre todo en el final.";""
"Tus jugadas — descriptivo";"Te quedan peones doblados (coste propio)";"gaveSelfDoubled";115;"Ojo: peones doblados en ${f.structure.gaveSelfDoubled}. Ya no se arregla.";""
"Tus jugadas — descriptivo";"Dejas un peón propio aislado (coste propio)";"gaveSelfIsolated";116;"El peón de ${f.structure.gaveSelfIsolated} queda aislado: nadie lo puede defender con otro peón.";""
"Tus jugadas — descriptivo";"Dejas un peón propio aislado (coste propio)";"gaveSelfIsolated";117;"Dejas aislado tu peón de ${f.structure.gaveSelfIsolated}; tendrás que defenderlo con piezas.";""
"Tus jugadas — descriptivo";"Presión sobre el rey rival";"theirKingWorse";118;"Sumas presión sobre el rey rival: ${art(f.playedPiece)} apunta a su posición.";""
"Tus jugadas — descriptivo";"Presión sobre el rey rival";"theirKingWorse";119;"${cap(art(f.playedPiece))} en ${f.playedTo} aprieta el cerco al rey rival.";""
"Tus jugadas — descriptivo";"Batería / piezas mayores dobladas";"battery";120;"Doblas dos piezas mayores en la misma línea: juntas pesan mucho más.";""
"Tus jugadas — descriptivo";"Batería / piezas mayores dobladas";"battery";121;"Formas una batería: ${art(b.front)} con ${art(b.back)} detrás, apuntando a la misma línea.";""
"Tus jugadas — descriptivo";"Batería / piezas mayores dobladas";"battery";122;"${cap(art(b.front))} se apoya en ${art(b.back)}: dos piezas presionando la misma línea.";""
"Tus jugadas — descriptivo";"Refuerza la cadena de peones";"supportsPawnChain";123;"Refuerzas la cadena: el peón de ${f.playedTo} sostiene a su compañero.";""
"Tus jugadas — descriptivo";"Refuerza la cadena de peones";"supportsPawnChain";124;"El peón a ${f.playedTo} apuntala tu estructura y le quita casillas al rival.";""
"Tus jugadas — descriptivo";"Refuerza la cadena de peones";"supportsPawnChain";125;"Cadena de peones: ${f.playedTo} respalda al peón de delante.";""
"Tus jugadas — descriptivo";"Término de evaluación que mejoró";"dominantTermGain";126;"Ganas movilidad: tus piezas cubren más casillas desde aquí.";""
"Tus jugadas — descriptivo";"Término de evaluación que mejoró";"dominantTermGain";127;"${cap(art(f.playedPiece))} a ${f.playedTo} le da aire a tus piezas.";""
"Tus jugadas — descriptivo";"Término de evaluación que mejoró";"dominantTermGain";128;"Ganas espacio en el campo rival.";""
"Tus jugadas — descriptivo";"Término de evaluación que mejoró";"dominantTermGain";129;"Avanzas tu frente y le quitas terreno al rival.";""
"Tus jugadas — descriptivo";"Término de evaluación que mejoró";"dominantTermGain";130;"Sumas una pieza al juego: vas por delante en desarrollo.";""
"Tus jugadas — descriptivo";"Término de evaluación que mejoró";"dominantTermGain";131;"Tu rey queda mejor cubierto tras esta jugada.";""
"Tus jugadas — descriptivo";"Término de evaluación que mejoró";"dominantTermGain";132;"Mejoras la seguridad de tu rey: menos líneas abiertas hacia él.";""
"Tus jugadas — descriptivo";"Aviso: pieza propia sin casillas seguras";"trappedAside";133;"${c.lead} Ojo: ${art(f.trappedPiece.piece)} de ${f.trappedPiece.square} se queda sin casillas seguras.";""
"Tus jugadas — descriptivo";"Aviso: pieza propia sin casillas seguras";"trappedAside";134;"${c.lead} Cuidado con ${art(f.trappedPiece.piece)} de ${f.trappedPiece.square}: no tiene por dónde salir.";""
"Tus jugadas — descriptivo";"Aviso: riesgo en la última fila";"backRankAside";135;"${c.lead} Ojo a la última fila: tu rey no tiene casilla de escape.";""
"Tus jugadas — descriptivo";"Aviso: riesgo en la última fila";"backRankAside";136;"${c.lead} Tu rey sigue encerrado en la última fila; conviene darle aire.";""
"Tus jugadas — descriptivo";"Aviso: defensor sobrecargado";"overloadedAside";137;"${c.lead} Ojo: ${art(f.overloaded.piece)} defiende dos cosas a la vez y no puede con ambas.";""
"Tus jugadas — descriptivo";"Aviso: defensor sobrecargado";"overloadedAside";138;"${c.lead} Le pides demasiado ${aArt(f.overloaded.piece)}: es el único defensor de dos piezas.";""
"Tus jugadas — descriptivo";"Aviso: más atacantes que defensores";"underDefendedAside";139;"${c.lead} Ojo: ${art(f.underDefended.piece)} de ${f.underDefended.square} tiene más atacantes que defensores.";""
"Tus jugadas — descriptivo";"Aviso: más atacantes que defensores";"underDefendedAside";140;"${c.lead} No te alcanzan los defensores en ${f.underDefended.square}.";""
"Tus jugadas — descriptivo";"Pieza olvidada / pasiva";"passivePiece";141;"${aside} Ojo aparte: ${art(pp.piece)} de ${pp.square} sigue sin entrar en juego.";""
"Tus jugadas — descriptivo";"Pieza olvidada / pasiva";"passivePiece";142;"${aside} Te falta desarrollar ${art(pp.piece)} de ${pp.square}: ahí no hace nada.";""
"Tus jugadas — descriptivo";"Pieza olvidada / pasiva";"passivePiece";143;"${aside} Mientras tanto, ${art(pp.piece)} de ${pp.square} está encerrado por tus propias piezas.";""
"Tus jugadas — descriptivo";"Pieza olvidada / pasiva";"passivePiece";144;"${aside} Ojo aparte: ${art(pp.piece)} de ${pp.square} casi no tiene casillas.";""
"Tus jugadas — descriptivo";"Pieza olvidada / pasiva";"passivePiece";145;"${aside} Aparte, ${art(pp.piece)} de ${pp.square} está en mal sitio: desde la banda controla muy poco.";""
"Tus jugadas — descriptivo";"Pieza olvidada / pasiva";"passivePiece";146;"${aside} Mientras tanto, ${art(pp.piece)} de ${pp.square} no está haciendo nada ahí; su lugar está más al centro.";""
"Tus jugadas — descriptivo";"Genérico de final";"endgameFallback";147;"${cap(art(f.playedPiece))} a ${f.playedTo}. En el final ${c.stays} ${c.standing}.";""
"Tus jugadas — descriptivo";"Genérico de final";"endgameFallback";148;"${cap(art(f.playedPiece))} a ${f.playedTo} en el final; la posición ${c.shifted ? ""queda"" : ""sigue""} ${c.state}.";""
"Tus jugadas — descriptivo";"Genérico de final";"endgameFallback";149;"${cap(art(f.playedPiece))} a ${f.playedTo}. En el final ${c.stays} ${c.standing}.";""
"Tus jugadas — descriptivo";"Genérico de final";"endgameFallback";150;"Jugada de final tranquila: quedas ${c.standing}.";""
"Tus jugadas — descriptivo";"Genérico de final";"endgameFallback";151;"${cap(art(f.playedPiece))} a ${f.playedTo} en el final, y ${c.stays} ${c.standing}.";""
"Tus jugadas — descriptivo";"Genérico de final";"endgameFallback";152;"Maniobra de final con ${art(f.playedPiece)} a ${f.playedTo}; nada cambia de fondo.";""
"Tus jugadas — descriptivo";"Genérico (nada más que decir)";"fallback";153;"${cap(art(f.playedPiece))} a ${f.playedTo}: la posición ${c.shifted ? ""queda"" : ""sigue""} ${c.state}.";""
"Tus jugadas — descriptivo";"Genérico (nada más que decir)";"fallback";154;"Jugada sólida, quedas ${c.standing}.";""
"Tus jugadas — descriptivo";"Genérico (nada más que decir)";"fallback";155;"Jugada tranquila. La posición ${c.shifted ? ""queda"" : ""sigue""} ${c.state}.";""
"Tus jugadas — descriptivo";"Genérico (nada más que decir)";"fallback";156;"${cap(art(f.playedPiece))} a ${f.playedTo}: la posición ${c.shifted ? ""queda"" : ""sigue""} ${c.state}.";""
"Tus jugadas — descriptivo";"Genérico (nada más que decir)";"fallback";157;"${label}: hay ids de regla duplicados";""
"Tus jugadas — descriptivo";"Genérico (nada más que decir)";"fallback";158;"${label}: ""${id}"" aparece dos veces en la tabla";""
"Tus jugadas — descriptivo";"Genérico (nada más que decir)";"fallback";159;"${label}: la regla ""${id}"" no está en la tabla";""
"Tus jugadas — descriptivo";"Genérico (nada más que decir)";"fallback";160;"${label}: la tabla nombra ""${id}"", que no existe";""
"Tus jugadas — descriptivo";"Genérico (nada más que decir)";"fallback";161;"${label}: restricción sobre id inexistente ${before}>${after}";""
"Tus jugadas — descriptivo";"Genérico (nada más que decir)";"fallback";162;"${label}: ""${before}"" debe ir antes de ""${after}"" — ${why}";""
"Tus jugadas — descriptivo";"Genérico (nada más que decir)";"fallback";163;"en una posición muy difícil";""
"Tus jugadas — ranura A: qué pasó";"Jaque mate ejecutado";"isMate";164;"¡Jaque mate! ${cap(art(f.playedPiece))} remata en ${f.playedTo}.";""
"Tus jugadas — ranura A: qué pasó";"Jaque mate ejecutado";"isMate";165;"¡Jaque mate con ${art(f.playedPiece)} en ${f.playedTo}! Se acabó la partida.";""
"Tus jugadas — ranura A: qué pasó";"Única jugada buena, y la encontró";"onlyGoodMove";166;"¡Solo había una jugada buena y la encontraste!";""
"Tus jugadas — ranura A: qué pasó";"Única jugada buena, y la encontró";"onlyGoodMove";167;"Era la única jugada que servía, y la viste.";""
"Tus jugadas — ranura A: qué pasó";"Táctica que la jugada montó";"playedMotifs";168;"Muy buena: ${hangingPhrase(m)}.";""
"Tus jugadas — ranura A: qué pasó";"Táctica que la jugada montó";"playedMotifs";169;"Muy buena: montas ${motifArt(m.label)}${target}.";""
"Tus jugadas — ranura A: qué pasó";"Sacrificio correcto";"isSacrificeConfirmed";170;"Sacrificio correcto: entregas ${art(f.playedPiece)} y el motor confirma que hay compensación.";""
"Tus jugadas — ranura A: qué pasó";"Captura (veredicto por SEE)";"capturedPiece";171;"Te llevas ${art(f.capturedPiece)}.";""
"Tus jugadas — ranura A: qué pasó";"Captura (veredicto por SEE)";"capturedPiece";172;"Jugada precisa: el motor la confirma como la mejor de la posición.";""
"Tus jugadas — ranura A: qué pasó";"Mate forzado que se escapó";"missedForcedMate";173;"Tenías jaque mate forzado y esta jugada lo desperdicia.";""
"Tus jugadas — ranura A: qué pasó";"Mate forzado que se escapó";"missedForcedMate";174;"Había mate forzado a tu favor: esta jugada lo deja ir.";""
"Tus jugadas — ranura A: qué pasó";"Deja una pieza propia colgada";"selfHang";175;"${cap(p)} de ${sq} queda sin defensa.";""
"Tus jugadas — ranura A: qué pasó";"Deja una pieza propia colgada";"selfHang";176;"Dejas ${p} de ${sq} sin ningún defensor.";""
"Tus jugadas — ranura A: qué pasó";"Deja una pieza propia colgada";"selfHang";177;"${cap(p)} de ${sq} se queda colgado.";""
"Tus jugadas — ranura A: qué pasó";"Deja una pieza propia colgada";"selfHang";178;"Capturas ${cp} en ${f.playedTo} y el cambio te favorece.";""
"Tus jugadas — ranura A: qué pasó";"Deja una pieza propia colgada";"selfHang";179;"Cambias ${cp} en ${f.playedTo}: un cambio parejo.";""
"Tus jugadas — ranura A: qué pasó";"Material perdido en la línea de castigo";"materialLostPiece";180;"Tras los cambios pierdes ${p}.";""
"Tus jugadas — ranura A: qué pasó";"Material perdido en la línea de castigo";"materialLostPiece";181;"La secuencia de cambios te cuesta ${p}.";""
"Tus jugadas — ranura A: qué pasó";"Material perdido en la línea de castigo";"materialLostPiece";182;"Con esta jugada pierdes ${p}.";""
"Tus jugadas — ranura A: qué pasó";"Material perdido en la línea de castigo";"materialLostPiece";183;"Esto entrega ${p} sin compensación.";""
"Tus jugadas — ranura A: qué pasó";"El rival captura algo tuyo";"oppCapturesPiece";184;"El rival te captura ${art(f.oppCapturesPiece)}";""
"Tus jugadas — ranura A: qué pasó";"punishFollowUp";"punishFollowUp";185;"${opener}, y la lucha en ${f.punishFocusSquare} acaba a su favor.";""
"Tus jugadas — ranura A: qué pasó";"El rival captura algo tuyo";"oppCapturesPiece";186;"El rival te captura ${art(f.oppCapturesPiece)}.";""
"Tus jugadas — ranura A: qué pasó";"El rival captura algo tuyo";"oppCapturesPiece";187;"Le regalas ${art(f.oppCapturesPiece)} al rival.";""
"Tus jugadas — ranura A: qué pasó";"Permite una táctica del rival";"allowsMotif";188;"El rival responde con ${motifArt(am.label)}${target}.";""
"Tus jugadas — ranura A: qué pasó";"Permite captura al paso";"allowsEnPassant";189;"Ese avance de dos casillas se puede capturar al paso, y pierdes el peón.";""
"Tus jugadas — ranura A: qué pasó";"Permite captura al paso";"allowsEnPassant";190;"Cuidado con la captura al paso: el peón de ${f.playedTo} cae igual.";""
"Tus jugadas — ranura A: qué pasó";"Material tras los cambios (quiescence)";"dustMaterial";191;"Cuando terminen los cambios te quedas con material de menos.";""
"Tus jugadas — ranura A: qué pasó";"Material tras los cambios (quiescence)";"dustMaterial";192;"La secuencia de capturas no te favorece: acabas perdiendo material.";""
"Tus jugadas — ranura A: qué pasó";"Amenaza del rival ignorada (null-move)";"ignoredThreat";193;"Te estaban amenazando mate en ${it.square} y la jugada no lo evita.";""
"Tus jugadas — ranura A: qué pasó";"Amenaza del rival ignorada (null-move)";"ignoredThreat";194;"Dejas pasar la amenaza: el rival se lleva ${art(it.piece)} de ${it.square}.";""
"Tus jugadas — ranura A: qué pasó";"Amenaza del rival ignorada (null-move)";"ignoredThreat";195;"La amenaza sobre ${it.square} seguía ahí, y ahora ${art(it.piece)} cae.";""
"Tus jugadas — ranura A: qué pasó";"Más atacantes que defensores";"underDefended";196;"${cap(art(ud.piece))} de ${ud.square} recibe más ataques que defensas.";""
"Tus jugadas — ranura A: qué pasó";"Más atacantes que defensores";"underDefended";197;"No alcanzan los defensores ${deArt(ud.piece)} en ${ud.square}.";""
"Tus jugadas — ranura A: qué pasó";"Defensor sobrecargado";"overloaded";198;"${cap(art(f.overloaded.piece))} está sobrecargado: defiende dos cosas a la vez y no puede con ambas.";""
"Tus jugadas — ranura A: qué pasó";"Defensor sobrecargado";"overloaded";199;"Le pides demasiado ${aArt(f.overloaded.piece)}: es el único defensor de dos piezas.";""
"Tus jugadas — ranura A: qué pasó";"Estructura de peones";"structure";200;"Te quedan peones doblados en la columna ${f.structure.gaveSelfDoubled}: se defienden mal y no avanzan.";""
"Tus jugadas — ranura A: qué pasó";"Estructura de peones";"structure";201;"Doblas tus peones en la columna ${f.structure.gaveSelfDoubled}, un defecto que ya no se arregla.";""
"Tus jugadas — ranura A: qué pasó";"Estructura de peones";"structure";202;"El peón de ${f.structure.gaveSelfIsolated} queda aislado: ningún peón tuyo puede defenderlo.";""
"Tus jugadas — ranura A: qué pasó";"Debilita el escudo del rey";"weakensKingShield";203;"Adelantas un peón del escudo de tu rey y abres líneas hacia él.";""
"Tus jugadas — ranura A: qué pasó";"Debilita el escudo del rey";"weakensKingShield";204;"Ese avance debilita la cobertura de tu rey.";""
"Tus jugadas — ranura A: qué pasó";"Rey al centro con piezas en juego";"kingToCenter";205;"Llevas el rey hacia el centro con piezas aún en juego: queda expuesto.";""
"Tus jugadas — ranura A: qué pasó";"Rey al centro con piezas en juego";"kingToCenter";206;"El rey camina al centro demasiado pronto y se vuelve un blanco.";""
"Tus jugadas — ranura A: qué pasó";"Caballo a la banda";"knightToRim";207;"El caballo en ${f.playedTo} queda en la banda, con pocas casillas útiles.";""
"Tus jugadas — ranura A: qué pasó";"Caballo a la banda";"knightToRim";208;"Caballo a la banda: desde ${f.playedTo} controla muy poco.";""
"Tus jugadas — ranura A: qué pasó";"Dama fuera demasiado pronto";"queenOutEarly";209;"Sacas la dama antes de terminar el desarrollo: el rival gana tiempos atacándola.";""
"Tus jugadas — ranura A: qué pasó";"Dama fuera demasiado pronto";"queenOutEarly";210;"La dama sale muy pronto y se convierte en blanco de las piezas menores.";""
"Tus jugadas — ranura A: qué pasó";"Mueve la misma pieza dos veces";"movesPieceTwice";211;"Mueves ${art(f.playedPiece)} por segunda vez con piezas sin desarrollar.";""
"Tus jugadas — ranura A: qué pasó";"Mueve la misma pieza dos veces";"movesPieceTwice";212;"Otra vez ${art(f.playedPiece)}: pierdes un tiempo que hacía falta para desarrollar.";""
"Tus jugadas — ranura A: qué pasó";"Repliegue de pieza";"retreats";213;"Retrocedes ${art(f.playedPiece)} y pierdes actividad.";""
"Tus jugadas — ranura A: qué pasó";"Repliegue de pieza";"retreats";214;"Volver atrás con ${art(f.playedPiece)} le regala un tiempo al rival.";""
"Tus jugadas — ranura A: qué pasó";"Pieza propia atrapada";"trappedPiece";215;"${cap(tp)} de ${f.trappedPiece.square} queda atrapado: no tiene casilla segura.";""
"Tus jugadas — ranura A: qué pasó";"Pieza propia atrapada";"trappedPiece";216;"Dejas ${tp} de ${f.trappedPiece.square} sin escapatoria.";""
"Tus jugadas — ranura A: qué pasó";"Riesgo de mate en la última fila";"backRankRisk";217;"Tu rey queda encerrado en la última fila, sin casilla de escape.";""
"Tus jugadas — ranura A: qué pasó";"Riesgo de mate en la última fila";"backRankRisk";218;"Cuidado con la última fila: tu rey no tiene por dónde salir.";""
"Tus jugadas — ranura A: qué pasó";"Táctica disponible que se dejó pasar";"bestMotifs";219;"Tenías ${motifArt(bm.label)}${target} y la dejas pasar.";""
"Tus jugadas — ranura A: qué pasó";"Término de evaluación que cambió";"dominantTerm";220;"Tus piezas se quedan sin casillas: pierdes movilidad.";""
"Tus jugadas — ranura A: qué pasó";"Término de evaluación que cambió";"dominantTerm";221;"Después de esta jugada tus piezas tienen mucho menos por dónde moverse.";""
"Tus jugadas — ranura A: qué pasó";"Término de evaluación que cambió";"dominantTerm";222;"Cedes espacio: el rival manda ahora en tu mitad del tablero.";""
"Tus jugadas — ranura A: qué pasó";"Término de evaluación que cambió";"dominantTerm";223;"Le entregas terreno al rival.";""
"Tus jugadas — ranura A: qué pasó";"Término de evaluación que cambió";"dominantTerm";224;"Tu rey queda más expuesto tras esta jugada.";""
"Tus jugadas — ranura A: qué pasó";"Término de evaluación que cambió";"dominantTerm";225;"La jugada deja al rey con menos cobertura.";""
"Tus jugadas — ranura A: qué pasó";"Término de evaluación que cambió";"dominantTerm";226;"Te retrasas en el desarrollo y el rival toma la delantera.";""
"Tus jugadas — ranura A: qué pasó";"Término de evaluación que cambió";"dominantTerm";227;"Pierdes tiempo de desarrollo.";""
"Tus jugadas — ranura A: qué pasó";"bestTo";"bestTo";228;"Imprecisión: cedes algo de terreno.";""
"Tus jugadas — ranura A: qué pasó";"bestTo";"bestTo";229;"No es grave, pero hay algo mejor aquí.";""
"Tus jugadas — ranura A: qué pasó";"bestTo";"bestTo";230;"Se puede jugar mejor, aunque no es un error grave.";""
"Tus jugadas — ranura A: qué pasó";"bestTo";"bestTo";231;"Pequeña imprecisión; la posición aguanta.";""
"Tus jugadas — ranura A: qué pasó";"Genérico por clasificación";"classification";232;"Error grave: sueltas mucha ventaja de golpe, aunque la posición sigue a tu favor.";""
"Tus jugadas — ranura A: qué pasó";"Genérico por clasificación";"classification";233;"Eso regala buena parte de tu ventaja. Sigues mejor, pero era mucho más fácil antes.";""
"Tus jugadas — ranura A: qué pasó";"Genérico por clasificación";"classification";234;"Error grave: la posición se te complica de golpe.";""
"Tus jugadas — ranura A: qué pasó";"Genérico por clasificación";"classification";235;"Esta jugada le entrega la partida al rival.";""
"Tus jugadas — ranura A: qué pasó";"Genérico por clasificación";"classification";236;"Esto cambia la partida, y no a tu favor.";""
"Tus jugadas — ranura A: qué pasó";"Genérico por clasificación";"classification";237;"Error importante: a partir de aquí el rival lleva la iniciativa.";""
"Tus jugadas — ranura A: qué pasó";"Genérico por clasificación";"classification";238;"Error: cedes parte de la ventaja, aunque sigues por delante.";""
"Tus jugadas — ranura A: qué pasó";"Genérico por clasificación";"classification";239;"Eso le devuelve juego al rival. La posición todavía es tuya.";""
"Tus jugadas — ranura A: qué pasó";"Genérico por clasificación";"classification";240;"Error: le das la iniciativa al rival.";""
"Tus jugadas — ranura A: qué pasó";"Genérico por clasificación";"classification";241;"Con esta jugada pierdes el hilo de la posición.";""
"Tus jugadas — ranura A: qué pasó";"Genérico por clasificación";"classification";242;"Aquí se te escapa el control de la partida.";""
"Tus jugadas — ranura A: qué pasó";"Genérico por clasificación";"classification";243;"Jugada equivocada: el rival pasa a mandar.";""
"Tus jugadas — ranura B: cómo cambió la partida";"variantSeed";"variantSeed";244;"Le das la vuelta a la partida: de estar peor pasas a mandar.";""
"Tus jugadas — ranura B: cómo cambió la partida";"variantSeed";"variantSeed";245;"Gran cambio de rumbo: venías peor y ahora tienes ventaja.";""
"Tus jugadas — ranura B: cómo cambió la partida";"variantSeed";"variantSeed";246;"Recuperas: la partida vuelve a estar pareja.";""
"Tus jugadas — ranura B: cómo cambió la partida";"variantSeed";"variantSeed";247;"Enderezas la posición y queda igualada.";""
"Tus jugadas — ranura B: cómo cambió la partida";"variantSeed";"variantSeed";248;"Tomas la iniciativa desde una posición pareja.";""
"Tus jugadas — ranura B: cómo cambió la partida";"variantSeed";"variantSeed";249;"De estar igualado pasas a llevar la ventaja.";""
"Tus jugadas — ranura B: cómo cambió la partida";"variantSeed";"variantSeed";250;"Sigues peor, pero la posición ya no está perdida.";""
"Tus jugadas — ranura B: cómo cambió la partida";"variantSeed";"variantSeed";251;"Reduces el daño: la partida deja de estar perdida.";""
"Tus jugadas — ranura B: cómo cambió la partida";"good";"good";252;"Estaba parejo y ahora el rival toma la ventaja.";""
"Tus jugadas — ranura B: cómo cambió la partida";"good";"good";253;"De una posición igualada pasas a estar peor.";""
"Tus jugadas — ranura B: cómo cambió la partida";"good";"good";254;"Tenías ventaja y la dejas escapar: queda igualada.";""
"Tus jugadas — ranura B: cómo cambió la partida";"good";"good";255;"Se te va la ventaja y la partida se iguala.";""
"Tus jugadas — ranura B: cómo cambió la partida";"good";"good";256;"Ibas con ventaja y ahora estás peor.";""
"Tus jugadas — ranura B: cómo cambió la partida";"good";"good";257;"Pasas de mandar en la partida a estar en desventaja.";""
"Tus jugadas — ranura B: cómo cambió la partida";"evalAfter";"evalAfter";258;"Ya venías mal, así que esto no la decide, pero tampoco ayuda.";""
"Tus jugadas — ranura B: cómo cambió la partida";"evalAfter";"evalAfter";259;"La posición ya era difícil de antes.";""
"Tus jugadas — ranura B: cómo cambió la partida";"evalAfter";"evalAfter";260;"Sigues ganando, pero desperdicias parte de la ventaja.";""
"Tus jugadas — ranura B: cómo cambió la partida";"evalAfter";"evalAfter";261;"Aún ganas, aunque cediste terreno.";""
"Tus jugadas — ranura C: qué era mejor";"Mate forzado que se escapó";"missedForcedMate";262;"Con ${bp} a ${sq} forzabas el mate.";""
"Tus jugadas — ranura C: qué era mejor";"La mejor jugada defendía la pieza colgada";"bestDefendsHung";263;"Con ${bp} a ${sq} lo defendías.";""
"Tus jugadas — ranura C: qué era mejor";"bestTradeVerdict";"bestTradeVerdict";264;"${cap(bp)} a ${sq} cambiaba ${art(f.bestCapturedPiece)} en igualdad${plan}.";""
"Tus jugadas — ranura C: qué era mejor";"bestTradeVerdict";"bestTradeVerdict";265;"Con ${bp} a ${sq} cambiabas ${art(f.bestCapturedPiece)}, un cambio parejo.";""
"Tus jugadas — ranura C: qué era mejor";"bestTradeVerdict";"bestTradeVerdict";266;"${cap(bp)} a ${sq} cambiaba ${art(f.bestCapturedPiece)} en igualdad.";""
"Tus jugadas — ranura C: qué era mejor";"bestTradeVerdict";"bestTradeVerdict";267;"${cap(bp)} a ${sq} era mejor${plan}.";""
"Tus jugadas — ranura C: qué era mejor";"bestTradeVerdict";"bestTradeVerdict";268;"Con ${bp} a ${sq} te llevabas ${art(f.bestCapturedPiece)}.";""
"Tus jugadas — ranura C: qué era mejor";"bestFollowUp";"bestFollowUp";269;"Lo indicado era ${bp} a ${sq}, ${f.bestFollowUp}.";""
"Tus jugadas — ranura C: qué era mejor";"bestFollowUp";"bestFollowUp";270;"${cap(bp)} a ${sq} era mejor, ${f.bestFollowUp}.";""
"Tus jugadas — ranura C: qué era mejor";"bestLineForced";"bestLineForced";271;"${cap(bp)} a ${sq} abría una secuencia forzada que gana ${art(f.bestLineWins.piece)}.";""
"Tus jugadas — ranura C: qué era mejor";"La mejor jugada daba jaque";"bestGivesCheck";272;"${cap(bp)} a ${sq} daba jaque y cambiaba el ritmo.";""
"Tus jugadas — ranura C: qué era mejor";"La mejor jugada era enrocar";"bestIsCastle";273;"Enrocar primero dejaba al rey a salvo.";""
"Tus jugadas — ranura C: qué era mejor";"La mejor jugada era un peón al centro";"bestIsCenterPawn";274;"Atacar el centro con el peón a ${sq} era mejor.";""
"Tus jugadas — ranura C: qué era mejor";"La mejor jugada era un peón al centro";"bestIsCenterPawn";275;"${cap(bp)} a ${sq} era mejor.";""
"Tus jugadas — ranura C: qué era mejor";"La mejor jugada era un peón al centro";"bestIsCenterPawn";276;"Lo indicado era ${bp} a ${sq}.";""
"Jugadas del rival — tu oportunidad";"variantSeed";"variantSeed";277;"Tienes mate con ${art(o.piece)} en ${o.to}.";""
"Jugadas del rival — tu oportunidad";"variantSeed";"variantSeed";278;"Ahí tienes ${art(o.captures)} de ${o.to}${plan}.";""
"Jugadas del rival — tu oportunidad";"variantSeed";"variantSeed";279;"Ahí tienes ${art(o.captures)}: ${art(o.piece)} a ${o.to}${plan}.";""
"Jugadas del rival — tu oportunidad";"variantSeed";"variantSeed";280;"Puedes capturar en ${o.to} con ${art(o.piece)}.";""
"Jugadas del rival — tu oportunidad";"variantSeed";"variantSeed";281;"Puedes llevarte ${art(o.captures)} con ${art(o.piece)} a ${o.to}.";""
"Jugadas del rival — tu oportunidad";"variantSeed";"variantSeed";282;"Ahí tienes ${art(o.captures)} de ${o.to}.";""
"Jugadas del rival — tu oportunidad";"variantSeed";"variantSeed";283;"Ahí tienes ${art(o.captures)}: ${art(o.piece)} a ${o.to}.";""
"Jugadas del rival — tu oportunidad";"variantSeed";"variantSeed";284;"Tu oportunidad: ${art(o.piece)} a ${o.to}${plan}.";""
"Jugadas del rival — tu oportunidad";"variantSeed";"variantSeed";285;"Aprovéchalo con ${art(o.piece)} a ${o.to}${plan}.";""
"Tus jugadas — ¿aprovechaste la oportunidad?";"tookOpportunity";"tookOpportunity";286;"Lo viste y lo aprovechaste.";""
"Tus jugadas — ¿aprovechaste la oportunidad?";"tookOpportunity";"tookOpportunity";287;"Bien: era exactamente la jugada.";""
"Tus jugadas — ¿aprovechaste la oportunidad?";"tookOpportunity";"tookOpportunity";288;"Aprovechada. Esa era.";""
"Tus jugadas — ¿aprovechaste la oportunidad?";"tookOpportunity";"tookOpportunity";289;"Se te escapó: podías ${what}.";""
"Tus jugadas — ¿aprovechaste la oportunidad?";"tookOpportunity";"tookOpportunity";290;"Ahí estaba la oportunidad: ${what}.";""
"Jugadas del rival — su fallo";"Genérico por clasificación";"classification";291;"El rival comete un error grave.";""
"Jugadas del rival — su fallo";"Genérico por clasificación";"classification";292;"Error grave del rival.";""
"Jugadas del rival — su fallo";"Genérico por clasificación";"classification";293;"El rival se equivoca.";""
"Jugadas del rival — su fallo";"Genérico por clasificación";"classification";294;"Fallo del rival.";""
"Jugadas del rival — su fallo";"Genérico por clasificación";"classification";295;"El rival no juega lo más preciso.";""
"Jugadas del rival — su fallo";"Genérico por clasificación";"classification";296;"Imprecisión del rival.";""
"Jugadas del rival — descriptivo";"Su jugada no cambia nada: mantienes mate forzado";"oppMateNet";297;"${cap(c.piece)} del rival va a ${c.to}, pero le queda sólo el rey. Acórralo hacia el borde y remata.";""
"Jugadas del rival — descriptivo";"Su jugada no cambia nada: mantienes mate forzado";"oppMateNet";298;"El rival mueve ${c.piece} a ${c.to} con el rey pelado. Empuja su rey a una banda y acerca el tuyo.";""
"Jugadas del rival — descriptivo";"Su jugada no cambia nada: mantienes mate forzado";"oppMateNet";299;"El rival juega ${c.piece} a ${c.to}. Rey solo: quítale casillas y el mate cae.";""
"Jugadas del rival — descriptivo";"Su jugada no cambia nada: mantienes mate forzado";"oppMateNet";300;"El rival mueve ${c.piece} a ${c.to}, pero tienes mate forzado${dist}: eso es lo que hay que buscar.";""
"Jugadas del rival — descriptivo";"Su jugada no cambia nada: mantienes mate forzado";"oppMateNet";301;"${cap(c.piece)} del rival va a ${c.to}, y no cambia nada: mantienes mate forzado${dist}.";""
"Jugadas del rival — descriptivo";"Su jugada no cambia nada: mantienes mate forzado";"oppMateNet";302;"El rival juega ${c.piece} a ${c.to}. Sigues con mate forzado${dist}; ve al remate.";""
"Jugadas del rival — descriptivo";"Su jugada no cambia nada: mantienes mate forzado";"oppMateNet";303;"El rival mueve ${c.piece} a ${c.to}, pero sigues con mate forzado. Está lejos: sin prisa, no regales nada.";""
"Jugadas del rival — descriptivo";"Su jugada no cambia nada: mantienes mate forzado";"oppMateNet";304;"${cap(c.piece)} del rival va a ${c.to}, y no cambia nada: la posición está ganada por mate, aunque queda lejos.";""
"Jugadas del rival — descriptivo";"Su jugada no cambia nada: mantienes mate forzado";"oppMateNet";305;"El rival juega ${c.piece} a ${c.to}. Mantienes mate forzado a la larga; ve a lo seguro.";""
"Jugadas del rival — descriptivo";"Su jugada deja mate forzado contra ti";"oppMateAgainst";306;"¡Alerta! Con ${c.piece} a ${c.to} el rival tiene mate forzado${mateDistanceOf(f.evalAfter)}.";""
"Jugadas del rival — descriptivo";"El rival da mate";"oppMate";307;"El rival da jaque mate con ${c.piece} en ${c.to}.";""
"Jugadas del rival — descriptivo";"Táctica del rival contra ti (o pieza tuya suelta)";"oppTacticOrLoose";308;"te hace un doble: ${c.piece} en ${c.to} ataca dos de tus piezas a la vez, y solo puedes salvar una";""
"Jugadas del rival — descriptivo";"Táctica del rival contra ti (o pieza tuya suelta)";"oppTacticOrLoose";309;"te clava una pieza: ${c.piece} en ${c.to} la deja inmóvil contra tu rey";""
"Jugadas del rival — descriptivo";"Táctica del rival contra ti (o pieza tuya suelta)";"oppTacticOrLoose";310;"te hace una enfilada: ${c.piece} en ${c.to} ataca dos de tus piezas en línea, y al mover la de delante cae la de atrás";""
"Jugadas del rival — descriptivo";"Táctica del rival contra ti (o pieza tuya suelta)";"oppTacticOrLoose";311;"te da jaque a la descubierta: el jaque viene de la pieza que estaba detrás";""
"Jugadas del rival — descriptivo";"Táctica del rival contra ti (o pieza tuya suelta)";"oppTacticOrLoose";312;"El rival captura ${art(f.capturedPiece)} en ${c.to} y ${clause}.";""
"Jugadas del rival — descriptivo";"Táctica del rival contra ti (o pieza tuya suelta)";"oppTacticOrLoose";313;"¡Cuidado! El rival ${clause}.";""
"Jugadas del rival — descriptivo";"Táctica del rival contra ti (o pieza tuya suelta)";"oppTacticOrLoose";314;"Cuidado: tu ${loose.piece} de ${loose.square} se queda sin defensa.";""
"Jugadas del rival — descriptivo";"Táctica del rival contra ti (o pieza tuya suelta)";"oppTacticOrLoose";315;"Ojo, nadie defiende tu ${loose.piece} de ${loose.square}.";""
"Jugadas del rival — descriptivo";"El rival captura (recaptura / gana / parejo)";"oppCapture";316;"El rival recupera en ${c.to}: el cambio queda saldado.${check}";""
"Jugadas del rival — descriptivo";"El rival captura (recaptura / gana / parejo)";"oppCapture";317;"El rival retoma en ${c.to} y el material vuelve a estar igual.${check}";""
"Jugadas del rival — descriptivo";"El rival captura (recaptura / gana / parejo)";"oppCapture";318;"El rival se lleva ${cp} de ${c.to} y gana material.${check}";""
"Jugadas del rival — descriptivo";"El rival captura (recaptura / gana / parejo)";"oppCapture";319;"${cap(cp)} de ${c.to} cae y el rival no lo paga: sale ganando.${check}";""
"Jugadas del rival — descriptivo";"El rival captura (recaptura / gana / parejo)";"oppCapture";320;"El rival cambia ${cp} en ${c.to}: un cambio parejo.${check}";""
"Jugadas del rival — descriptivo";"El rival captura (recaptura / gana / parejo)";"oppCapture";321;"Cambio parejo en ${c.to}: el rival se lleva ${cp} y tú recuperas.${check}";""
"Jugadas del rival — descriptivo";"El rival captura (recaptura / gana / parejo)";"oppCapture";322;"El rival captura ${cp} en ${c.to}.${check}";""
"Jugadas del rival — descriptivo";"El rival captura (recaptura / gana / parejo)";"oppCapture";323;"El rival se lleva ${cp} de ${c.to}.${check}";""
"Jugadas del rival — descriptivo";"El rival da jaque";"oppCheck";324;"El rival da jaque con ${c.piece} en ${c.to}.";""
"Jugadas del rival — descriptivo";"El rival da jaque";"oppCheck";325;"Jaque: ${c.piece} del rival entra en ${c.to}.";""
"Jugadas del rival — descriptivo";"Amenaza del rival contra ti";"oppOwnThreat";326;"¡Cuidado! El rival amenaza mate en ${t.square}.";""
"Jugadas del rival — descriptivo";"Amenaza del rival contra ti";"oppOwnThreat";327;"Cuidado: el rival amenaza ${mine} de ${t.square}.";""
"Jugadas del rival — descriptivo";"Amenaza del rival contra ti";"oppOwnThreat";328;"Ojo, ahora va contra ${mine} de ${t.square}.";""
"Jugadas del rival — descriptivo";"El rival corona";"oppPromotion";329;"El rival corona en ${c.to}.";""
"Jugadas del rival — descriptivo";"El rival enroca";"oppCastle";330;"El rival enroca y pone su rey a salvo.";""
"Jugadas del rival — descriptivo";"El rival sigue la teoría";"oppBook";331;"El rival sigue la teoría: ${c.piece} a ${c.to}.";""
"Jugadas del rival — descriptivo";"Los cambios pendientes (a favor de quien sea)";"oppDust";332;"Los cambios que vienen dejan al rival con material de más.";""
"Jugadas del rival — descriptivo";"Los cambios pendientes (a favor de quien sea)";"oppDust";333;"Cuando se resuelvan las capturas, el rival sale ganando material.";""
"Jugadas del rival — descriptivo";"Los cambios pendientes (a favor de quien sea)";"oppDust";334;"La secuencia de cambios te favorece: acabas con material de más.";""
"Jugadas del rival — descriptivo";"Los cambios pendientes (a favor de quien sea)";"oppDust";335;"Cuando se resuelvan las capturas, sales ganando material.";""
"Jugadas del rival — descriptivo";"El rival ignora TU amenaza (oportunidad)";"oppIgnoredThreat";336;"El rival no para tu mate en ${it.square}. Ahí lo tienes.";""
"Jugadas del rival — descriptivo";"El rival ignora TU amenaza (oportunidad)";"oppIgnoredThreat";337;"El rival no atiende tu amenaza: puedes llevarte ${art(it.piece)} de ${it.square}.";""
"Jugadas del rival — descriptivo";"El rival ignora TU amenaza (oportunidad)";"oppIgnoredThreat";338;"Tu amenaza sigue en pie y él no la ve: ${art(it.piece)} de ${it.square} se puede caer.";""
"Jugadas del rival — descriptivo";"Pieza del rival corta de defensores (oportunidad)";"oppUnderDefended";339;"${cap(art(ud.piece))} del rival en ${ud.square} tiene más atacantes que defensores: puedes apretar ahí.";""
"Jugadas del rival — descriptivo";"Pieza del rival corta de defensores (oportunidad)";"oppUnderDefended";340;"Al rival no le alcanzan los defensores en ${ud.square}. Vale la pena sumar presión.";""
"Jugadas del rival — descriptivo";"El rival ataca una pieza mayor";"oppAttacksBigger";341;"El rival ataca ${art(f.attacksBigger)} con ${c.piece} en ${c.to}.";""
"Jugadas del rival — descriptivo";"El rival presiona tu rey";"oppTheirKingWorse";342;"El rival suma presión sobre tu rey con ${c.piece} en ${c.to}.";""
"Jugadas del rival — descriptivo";"El rival presiona tu rey";"oppTheirKingWorse";343;"${cap(c.piece)} en ${c.to} aprieta el cerco sobre tu rey.";""
"Jugadas del rival — descriptivo";"Torre del rival en tu séptima";"oppRookToSeventh";344;"El rival mete la torre en tu séptima fila, donde más muerde.";""
"Jugadas del rival — descriptivo";"Torre del rival en tu séptima";"oppRookToSeventh";345;"Torre rival en tu séptima: desde ${c.to} muerde tus peones y encierra a tu rey.";""
"Jugadas del rival — descriptivo";"El rival crea un peón pasado";"oppCreatedPassed";346;"El rival crea un peón pasado en ${f.structure.createdPassed}: pesará en el final.";""
"Jugadas del rival — descriptivo";"Te deja peones doblados";"oppBrokeYourStructure";347;"Esa captura te deja peones doblados en la columna ${f.structure.brokeTheirStructure}.";""
"Jugadas del rival — descriptivo";"Te aísla un peón";"oppIsolatesYours";348;"El rival te aísla el peón de ${f.structure.isolatedTheirs}: ya no tiene quién lo defienda.";""
"Jugadas del rival — descriptivo";"El rival toma la oposición";"oppOpposition";349;"El rival toma la oposición: tu rey tiene que ceder terreno.";""
"Jugadas del rival — descriptivo";"Regla del cuadrado, del lado del rival";"oppSquareRule";350;"Tu rey no entra en el cuadrado: el peón rival de ${sr.pawnSquare} corona solo.";""
"Jugadas del rival — descriptivo";"Regla del cuadrado, del lado del rival";"oppSquareRule";351;"Cuenta el cuadrado: el peón rival de ${sr.pawnSquare} llega antes que tu rey.";""
"Jugadas del rival — descriptivo";"Regla del cuadrado, del lado del rival";"oppSquareRule";352;"El peón rival de ${sr.pawnSquare} no corona solo: tu rey llega a tiempo para frenarlo.";""
"Jugadas del rival — descriptivo";"Regla del cuadrado, del lado del rival";"oppSquareRule";353;"Tu rey entra en el cuadrado del peón de ${sr.pawnSquare} y lo detiene.";""
"Jugadas del rival — descriptivo";"El rival defiende lo que tenías atacado";"oppDefendsAttacked";354;"El rival defiende ${art(f.defendsAttacked.piece)} de ${f.defendsAttacked.square}, que tenías atacado.";""
"Jugadas del rival — descriptivo";"El rival dobla torres";"oppDoublesRooks";355;"El rival dobla las torres en la columna ${c.to[0]}.";""
"Jugadas del rival — descriptivo";"Batería del rival";"oppBattery";356;"El rival dobla dos piezas mayores en la misma línea.";""
"Jugadas del rival — descriptivo";"Batería del rival";"oppBattery";357;"El rival forma una batería con ${art(b.front)} y ${art(b.back)} en la misma línea.";""
"Jugadas del rival — descriptivo";"Puesto avanzado del rival";"oppOutpost";358;"El rival instala ${c.piece} en ${c.to}: ningún peón tuyo puede echarlo.";""
"Jugadas del rival — descriptivo";"El rival toma la columna abierta";"oppRookToOpenFile";359;"El rival toma la columna abierta ${c.to[0]} con la torre.";""
"Jugadas del rival — descriptivo";"El rival toma la columna semiabierta";"oppRookToSemiOpen";360;"El rival pone la torre en la columna ${c.to[0]}, semiabierta.";""
"Jugadas del rival — descriptivo";"El rival centraliza el caballo";"oppKnightToCenter";361;"El rival centraliza el caballo en ${c.to}.";""
"Jugadas del rival — descriptivo";"Fianchetto del rival";"oppFianchetto";362;"Fianchetto del rival: el alfil a ${c.to}, sobre la diagonal larga.";""
"Jugadas del rival — descriptivo";"Ruptura de peones del rival";"oppPawnBreak";363;"Ruptura del rival: el peón de ${c.to} golpea tu estructura.";""
"Jugadas del rival — descriptivo";"El rival apuntala su cadena";"oppSupportsPawnChain";364;"El rival apuntala su cadena con el peón de ${c.to}.";""
"Jugadas del rival — descriptivo";"Peón pasado del rival avanzando";"oppPawnRunsToPromote";365;"El peón pasado del rival avanza a ${c.to}. Hay que frenarlo.";""
"Jugadas del rival — descriptivo";"El rival activa su rey";"oppKingActivates";366;"El rival activa su rey hacia ${c.to}: en el final es una pieza más.";""
"Jugadas del rival — descriptivo";"Torre del rival tras su pasado";"oppRookBehindPassed";367;"El rival pone la torre detrás de su peón pasado: lo empuja según avanza.";""
"Jugadas del rival — descriptivo";"El rival conecta torres";"oppConnectsRooks";368;"El rival conecta sus torres.";""
"Jugadas del rival — descriptivo";"Dos pasados conectados del rival";"oppConnectedPassedPair";369;"El rival tiene dos peones pasados conectados (${f.connectedPassed!.slice(0, 2).join("" y "")}): hay que frenarlos ya.";""
"Jugadas del rival — descriptivo";"Pasado del rival con compañero";"oppConnectedPassedOne";370;"El peón pasado del rival en ${f.connectedPassed[0]} va apoyado por otro peón. Vigílalo.";""
"Jugadas del rival — descriptivo";"Pasado del rival con compañero";"oppConnectedPassedOne";371;"Cuidado con el pasado del rival en ${f.connectedPassed[0]}: tiene compañero al lado.";""
"Jugadas del rival — descriptivo";"Mayoría de peones del rival";"oppMajority";372;"El rival tiene mayoría de peones en el flanco de ${f.majority}: de ahí le va a salir un pasado.";""
"Jugadas del rival — descriptivo";"Tipo de final (ply del rival)";"oppEndgameKind";373;"Estamos en un ${f.endgameKind}. ${cap(c.piece)} del rival va a ${c.to}.";""
"Jugadas del rival — descriptivo";"Tipo de final (ply del rival)";"oppEndgameKind";374;"${cap(c.piece)} del rival a ${c.to}, en un ${f.endgameKind}.";""
"Jugadas del rival — descriptivo";"El rival da aire a su rey";"oppGivesKingLuft";375;"El rival le da aire a su rey: gana casilla de escape.";""
"Jugadas del rival — descriptivo";"Término de evaluación que el rival mejoró";"oppDominantTermGain";376;"El rival gana movilidad con ${c.piece} en ${c.to}.";""
"Jugadas del rival — descriptivo";"Término de evaluación que el rival mejoró";"oppDominantTermGain";377;"El rival gana espacio en tu campo.";""
"Jugadas del rival — descriptivo";"Término de evaluación que el rival mejoró";"oppDominantTermGain";378;"El rival suma una pieza al juego: va por delante en desarrollo.";""
"Jugadas del rival — descriptivo";"Término de evaluación que el rival mejoró";"oppDominantTermGain";379;"El rival refuerza la cobertura de su rey.";""
"Jugadas del rival — descriptivo";"El rival debilita su escudo de rey";"oppWeakensKingShield";380;"El rival adelanta un peón de su escudo y abre líneas hacia su rey.";""
"Jugadas del rival — descriptivo";"Caballo del rival a la banda";"oppKnightToRim";381;"El caballo del rival se va a la banda en ${c.to}: desde ahí controla poco.";""
"Jugadas del rival — descriptivo";"El rival mueve dos veces la misma pieza";"oppMovesPieceTwice";382;"El rival mueve otra vez ${c.piece} en vez de desarrollar.";""
"Jugadas del rival — descriptivo";"El rival mueve dos veces la misma pieza";"oppMovesPieceTwice";383;"${cap(c.piece)} del rival vuelve a moverse; le quedan piezas sin sacar.";""
"Jugadas del rival — descriptivo";"El rival saca la dama pronto";"oppQueenOutEarly";384;"El rival saca la dama pronto: puedes ganar tiempos atacándola.";""
"Jugadas del rival — descriptivo";"El rival repliega una pieza";"oppRetreats";385;"El rival repliega ${c.piece} a ${c.to}.";""
"Jugadas del rival — descriptivo";"El rival repliega una pieza";"oppRetreats";386;"El rival retira ${c.piece} a ${c.to} para reagrupar.";""
"Jugadas del rival — descriptivo";"El rival desarrolla";"oppDevelopsPiece";387;"El rival pone ${c.piece} en juego desde ${c.to}.";""
"Jugadas del rival — descriptivo";"El rival desarrolla";"oppDevelopsPiece";388;"El rival desarrolla ${c.piece} a ${c.to}.";""
"Jugadas del rival — descriptivo";"El rival desarrolla";"oppDevelopsPiece";389;"${cap(c.piece)} del rival entra en juego en ${c.to}.";""
"Jugadas del rival — descriptivo";"El rival ocupa el centro";"oppToCenter";390;"El rival ocupa el centro con ${c.piece} en ${c.to}.";""
"Jugadas del rival — descriptivo";"El rival ocupa el centro";"oppToCenter";391;"El rival planta ${c.piece} en ${c.to} y reclama el centro.";""
"Jugadas del rival — descriptivo";"Pieza del rival sin desarrollar (oportunidad)";"oppPassivePiece";392;"${aside} Aparte, ${art(pp.piece)} rival de ${pp.square} sigue sin entrar en juego.";""
"Jugadas del rival — descriptivo";"Pieza del rival sin desarrollar (oportunidad)";"oppPassivePiece";393;"${aside} El rival todavía no desarrolla ${art(pp.piece)} de ${pp.square}: ahí no hace nada.";""
"Jugadas del rival — descriptivo";"Pieza del rival sin desarrollar (oportunidad)";"oppPassivePiece";394;"${aside} Aparte, ${art(pp.piece)} rival de ${pp.square} está en mal sitio y controla poco.";""
"Jugadas del rival — descriptivo";"Pieza del rival sin desarrollar (oportunidad)";"oppPassivePiece";395;"${aside} Mientras tanto, ${art(pp.piece)} rival de ${pp.square} no está haciendo nada ahí.";""
"Jugadas del rival — descriptivo";"Genérico de final (ply del rival)";"oppEndgameFallback";396;"${cap(c.piece)} del rival va a ${c.to}. Seguimos en el final.";""
"Jugadas del rival — descriptivo";"Genérico de final (ply del rival)";"oppEndgameFallback";397;"Jugada de final del rival: ${c.piece} a ${c.to}.";""
"Jugadas del rival — descriptivo";"Genérico (ply del rival)";"oppFallback";398;"El rival juega ${c.piece} a ${c.to}.";""
"Jugadas del rival — descriptivo";"Genérico (ply del rival)";"oppFallback";399;"${cap(c.piece)} del rival va a ${c.to}.";""
"Jugadas del rival — descriptivo";"Genérico (ply del rival)";"oppFallback";400;"Jugada tranquila del rival: ${c.piece} a ${c.to}.";""
"Jugadas del rival — descriptivo";"Genérico (ply del rival)";"oppFallback";401;"El rival mueve ${c.piece} a ${c.to}, sin cambios en la posición.";""